Property,Value,Voigt,Reuss,Hill,HalpinTsai
h,0.00175131,,,,
n_elems,292352,,,,
E1,15617502720.14904976,18457949039.06076813,14813711606.97636414,16635830323.01856613,15755627264.37509727
E2,15540866450.46803665,,,,
v12,0.28926130,0.28532284,0.28336408,0.28434346,0.28429557
v21,0.28796749,,,,
G12,6073511043.09605026,7252756810.35768414,5725746772.17882252,6489251791.26825333,6110476606.79490376
V_fiber,0.29354314,,,,
V_matrix,0.70645686,,,,
V_pore,0.00000000,,,,
tcpumax,77.04493692,,,,
