Property,Value,Voigt,Reuss,Hill,HalpinTsai
h,0.00390625,,,,
n_elems,49152,,,,
E1,18298381117.10032654,21831789802.21353531,16881680383.48856544,19356735092.85105133,18524042908.47563171
E2,18219160146.59903336,,,,
v12,0.25675074,0.27765502,0.27538602,0.27652052,0.27657534
v21,0.24563866,,,,
G12,7169152276.41559792,8630605066.07881355,6548844493.11898518,7589724779.59889984,7225465242.70470142
V_fiber,0.44689954,,,,
V_matrix,0.55310046,,,,
V_pore,0.00000000,,,,
tcpumax,4.13358328,,,,
