Property,Value,Voigt,Reuss,Hill,HalpinTsai
h,0.00293255,,,,
n_elems,87296,,,,
E1,18298697004.41675949,21868451584.06860352,16907327825.28959846,19387889704.67910004,18555014894.21958923
E2,18236242573.07217407,,,,
v12,0.25722308,0.27757170,0.27530180,0.27643675,0.27649141
v21,0.24621041,,,,
G12,7178367511.95723724,8645577430.13710785,6559090434.54853535,7602333932.34282112,7237963171.34229660
V_fiber,0.44856598,,,,
V_matrix,0.55143402,,,,
V_pore,0.00000000,,,,
tcpumax,11.11252360,,,,
