Property,Value,Voigt,Reuss,Hill,HalpinTsai
h,0.00146628,,,,
n_elems,349184,,,,
E1,18310548272.05624390,21921241919.53985596,16944395497.33634567,19432818708.43810272,18599722904.48418427
E2,18250307316.75842285,,,,
v12,0.25769714,0.27745172,0.27518061,0.27631616,0.27637061
v21,0.24669197,,,,
G12,7186373199.56264496,8667136560.14774513,6573900301.51176357,7620518430.82975388,7256005708.30567074
V_fiber,0.45096554,,,,
V_matrix,0.54903446,,,,
V_pore,0.00000000,,,,
tcpumax,94.51973920,,,,
