Property,Value,Voigt,Reuss
h,0.00490196,,
E1,71974534752.09687805,129045510409.85856628,40583461981.02109528
E2,95517836680.74060059,,
v12,0.32473083,0.31743363,0.28027828
v21,0.26247136,,
G12,29582084436.66666412,46307901879.41065216,16603078159.21936607
G23,29588114492.80117798,,
V_fiber,0.44079225,,
V_matrix,0.55920775,,
V_pore,0.00000000,,
tcpumax,3.01026,,
