Property,Value,Voigt,Reuss,Hill,HalpinTsai
h,0.00735294,,,,
n_elems,13872,,,,
E1,17773985381.61730194,21341121854.77473450,16545764880.18379784,18943443367.47926712,17889516615.45447159
E2,17705820607.61671829,,,,
v12,0.28644516,0.27877018,0.27651827,0.27764422,0.27757544
v21,0.28513505,,,,
G12,7029859833.92087555,8430220393.83807373,6414734525.45798016,7422477459.64802742,6966899948.10727215
V_fiber,0.42459645,,,,
V_matrix,0.57540355,,,,
V_pore,0.00000000,,,,
tcpumax,0.65341840,,,,
