Property,Value,Voigt,Reuss,Hill,HalpinTsai
h,0.00195313,,,,
n_elems,196608,,,,
E1,18318870945.08732224,21916047402.62450790,16940740866.78201866,19428394134.70326233,18595317877.68443680
E2,18254557872.20391846,,,,
v12,0.25748085,0.27746353,0.27519253,0.27632803,0.27638250
v21,0.24645571,,,,
G12,7187633595.32596588,8665015163.02986908,6572440059.24339771,7618727611.13663292,7254227904.37815571
V_fiber,0.45072943,,,,
V_matrix,0.54927057,,,,
V_pore,0.00000000,,,,
tcpumax,38.12591543,,,,
