Property,Value,Voigt,Reuss,Hill,HalpinTsai
h,0.00490196,,,,
n_elems,31212,,,,
E1,18191713650.75184250,21697429594.78518677,16788347619.08361435,19242888606.93440247,18411069730.79272842
E2,18137724658.57114410,,,,
v12,0.25714545,0.27796039,0.27569514,0.27682777,0.27688313
v21,0.24604373,,,,
G12,7131492009.68518543,8575733484.86332130,6511566644.82279110,7543650064.84305573,7179886531.69829655
V_fiber,0.44079225,,,,
V_matrix,0.55920775,,,,
V_pore,0.00000000,,,,
tcpumax,2.16282989,,,,
