Property,Value,Voigt,Reuss,Hill,HalpinTsai
h,0.00735294,,,,
n_elems,13872,,,,
E1,17938945857.69533920,21341121854.77473450,16545764880.18379784,18943443367.47926712,18115487866.99010086
E2,17905501438.68707275,,,,
v12,0.25677668,0.27877018,0.27651827,0.27764422,0.27770093
v21,0.24545758,,,,
G12,7029818223.18871403,8430220393.83807373,6414734525.45798016,7422477459.64802742,7060698965.75697517
V_fiber,0.42459645,,,,
V_matrix,0.57540355,,,,
V_pore,0.00000000,,,,
tcpumax,0.54774572,,,,
