Property,Value,Voigt,Reuss
h,0.00146628,,
E1,70003081067.78927612,127061719349.53309631,39837581014.69628906
E2,92586926439.68347168,,
v12,0.32352334,0.31529724,0.27824646
v21,0.26382355,,
G12,29001801480.73699570,45617056292.84522247,16308649891.47761536
G23,29057931708.51282501,,
V_fiber,0.45096554,,
V_matrix,0.54903446,,
V_pore,0.00000000,,
tcpumax,154.123,,
