Property,Value,Voigt,Reuss,Hill,HalpinTsai
h,0.00980392,,,,
n_elems,7752,,,,
E1,17213289241.98531723,20366362352.76552200,15916586073.92453766,18141474213.34503174,17335458090.67245102
E2,17158687252.29804611,,,,
v12,0.25719282,0.28098554,0.27879542,0.27989048,0.27995011
v21,0.24560844,,,,
G12,6727664701.37062359,8032136793.01752758,6163969674.91655540,7098053233.96704102,6746612011.09992313
V_fiber,0.38028920,,,,
V_matrix,0.61971080,,,,
V_pore,0.00000000,,,,
tcpumax,0.35763545,,,,
