Property,Value,Voigt,Reuss
h,0.00244499,,
E1,69995528618.05104065,127267648806.72778320,39913730206.12707520
E2,92840211529.95909119,,
v12,0.32186781,0.31551901,0.27845600
v21,0.26248372,,
G12,29003749095.00336838,45688770224.56513977,16338726692.69527435
G23,29004169336.13876343,,
V_fiber,0.44990949,,
V_matrix,0.55009051,,
V_pore,0.00000000,,
tcpumax,27.0782,,
