Property,Value,Voigt,Reuss
h,0.00390625,,
E1,71044171809.10575867,127854590389.47093201,40132377258.44153595
E2,93368860010.66598511,,
v12,0.32123591,0.31615110,0.27905498
v21,0.25994733,,
G12,29178827934.46631241,45893169775.56589508,16425063722.36750031
G23,29097342492.92806244,,
V_fiber,0.44689954,,
V_matrix,0.55310046,,
V_pore,0.00000000,,
tcpumax,6.04816,,
