Property,Value,Voigt,Reuss,Hill,HalpinTsai
h,0.00146628,,,,
n_elems,349184,,,,
E1,18139394498.04290390,21921241919.53985596,16944395497.33634567,19432818708.43810272,18363026360.71350861
E2,18048163297.02528000,,,,
v12,0.28677239,0.27745172,0.27518061,0.27631616,0.27624405
v21,0.28540851,,,,
G12,7186382418.88692951,8667136560.14774513,6573900301.51176357,7620518430.82975388,7157627486.90670490
V_fiber,0.45096554,,,,
V_matrix,0.54903446,,,,
V_pore,0.00000000,,,,
tcpumax,122.02326595,,,,
