Property,Value,Voigt,Reuss
h,0.00293255,,
E1,70292229316.00254822,127529633686.66465759,40011029528.48536682
E2,93051072464.96676636,,
v12,0.32125007,0.31580114,0.27872304
v21,0.26129843,,
G12,29076305474.30620575,45780005184.57225037,16377151327.67984009
G23,29075114424.76007080,,
V_fiber,0.44856598,,
V_matrix,0.55143402,,
V_pore,0.00000000,,
tcpumax,20.84421575,,
