Property,Value,Voigt,Reuss
h,0.00980392,,
E1,83655901868.01443481,140843606418.66921997,45668699027.70574951
E2,111725358276.69779968,,
v12,0.33547106,0.33013927,0.29300288
v21,0.26680826,,
G12,34549935910.08843231,50416531422.39527130,18600151287.58312225
G23,34490950982.81282806,,
V_fiber,0.38028920,,
V_matrix,0.61971080,,
V_pore,0.00000000,,
tcpumax,0.602814,,
