Property,Value
G21_energy,25012848311.47617340
G21_FEM,25031880476.70590973
tau_yx,25031880.04606809
gamma21,0.00100000
tcpug21,67.25123854
