Property,Value,Voigt,Reuss,Hill,HalpinTsai
h,0.00325733,,,,
n_elems,90872,,,,
E1,20821926550.84543991,24575824820.32113266,19043907015.23920059,21809865917.78016663,21029984855.72821808
E2,20708509036.90485001,,,,
v12,0.23979361,0.27141858,0.26922111,0.27031985,0.27036052
v21,0.24820414,,,,
G12,8173441474.40323353,9751245940.60667229,7415902926.57598972,8583574433.59133148,8239977778.50197029
V_fiber,0.57162840,,,,
V_matrix,0.42837160,,,,
V_pore,0.00000000,,,,
tcpumax,10.84457764,,,,
