Property,Value,Voigt,Reuss,Hill,HalpinTsai
h,0.00244499,,,,
n_elems,125563,,,,
E1,19107748875.32352829,22994485577.42632294,17734878364.62628937,20364681971.02630615,19537888193.06919861
E2,19272380332.12630463,,,,
v12,0.25401211,0.27501253,0.27273970,0.27387612,0.27392555
v21,0.23305307,,,,
G12,7602842513.14023590,9105440263.78809166,6890188166.54246807,7997814215.16527939,7635105863.84664726
V_fiber,0.49974934,,,,
V_matrix,0.50025066,,,,
V_pore,0.00000000,,,,
tcpumax,19.32709443,,,,
