Property,Value,Voigt,Reuss,Hill,HalpinTsai
h,0.00244499,,,,
n_elems,125563,,,,
E1,15479738761.01434326,18104512335.56027985,14626021416.36353111,16365266875.96190643,15672302423.91634750
E2,15576660182.14355659,,,,
v12,0.26251013,0.28612611,0.28422668,0.28517639,0.28523724
v21,0.24640106,,,,
G12,5982847446.80059338,7108416226.55049133,5651337842.31644249,6379877034.43346691,6079071347.35851860
V_fiber,0.27747783,,,,
V_matrix,0.72252217,,,,
V_pore,0.00000000,,,,
tcpumax,21.96732174,,,,
