Property,Value,Voigt,Reuss,Hill,HalpinTsai
h,0.00244499,,,,
n_elems,125563,,,,
E1,16964294070.95811653,20254533984.12321472,15847450566.57329559,18050992275.34825516,17248546024.98819733
E2,17074179690.28427124,,,,
v12,0.26186581,0.28123970,0.27905907,0.28014938,0.28020927
v21,0.24509558,,,,
G12,6646359039.34088707,7986467025.68388653,6136448966.25540543,7061457995.96964645,6711655855.18177032
V_fiber,0.37520609,,,,
V_matrix,0.62479391,,,,
V_pore,0.00000000,,,,
tcpumax,18.73420962,,,,
