Property,Value,Voigt,Reuss,Hill,HalpinTsai
h,0.00331126,,,,
n_elems,87882,,,,
E1,17272452879.65178680,20697665801.71174622,16124994508.51462936,18411330155.11318970,17596003138.34143066
E2,17621371529.69749832,,,,
v12,0.24266414,0.28023258,0.27801726,0.27912492,0.27918369
v21,0.25754325,,,,
G12,6780307490.10583878,8167438341.39836407,6246971177.75578785,7207204759.57707596,6851451474.10184956
V_fiber,0.39534845,,,,
V_matrix,0.60465155,,,,
V_pore,0.00000000,,,,
tcpumax,11.20198693,,,,
