Property,Value,Voigt,Reuss,Hill,HalpinTsai
h,0.00332226,,,,
n_elems,84280,,,,
E1,15070010886.29267120,17550640426.15911102,14341271863.81920815,15945956144.98915863,15293386388.09922409
E2,15283714402.33901215,,,,
v12,0.25771182,0.28738491,0.28558907,0.28648699,0.28654665
v21,0.25564182,,,,
G12,5839140142.81352520,6882219586.62721634,5538543788.07302761,6210381687.35012245,5927392977.94212055
V_fiber,0.25230184,,,,
V_matrix,0.74769816,,,,
V_pore,0.00000000,,,,
tcpumax,10.79218273,,,,
