Property,Value,Voigt,Reuss,Hill,HalpinTsai
h,0.00244499,,,,
n_elems,125563,,,,
E1,16809673292.40362549,20005382333.86700821,15695556874.12788963,17850469603.99744797,16857932736.72527885
E2,16538255461.89325523,,,,
v12,0.28971416,0.28180595,0.27964826,0.28072711,0.28066725
v21,0.28553171,,,,
G12,6552524317.83342266,7884715582.50232983,6076008298.14968681,6980361940.32600784,6552248396.81231499
V_fiber,0.36388102,,,,
V_matrix,0.63611898,,,,
V_pore,0.00000000,,,,
tcpumax,19.68046818,,,,
