Property,Value,Voigt,Reuss,Hill,HalpinTsai
h,0.00286533,,,,
n_elems,107143,,,,
E1,17652631845.03251648,21222740066.54504013,16466711859.81734657,18844725963.18119431,18018549560.17891312
E2,17967343377.93347549,,,,
v12,0.24038747,0.27903923,0.27679283,0.27791603,0.27797316
v21,0.25311883,,,,
G12,6927765851.13443470,8381874264.93867302,6383196695.00161934,7382535479.97014618,7021630687.99670410
V_fiber,0.41921546,,,,
V_matrix,0.58078454,,,,
V_pore,0.00000000,,,,
tcpumax,16.26433695,,,,
