Property,Value,Voigt,Reuss,Hill,HalpinTsai
h,0.00175131,,,,
n_elems,292352,,,,
E1,14694168473.48845291,18238288202.08167648,526867058.31975859,9382577630.20071793,15600900712.90880013
E2,13834675460.91261864,,,,
v12,0.26365307,0.28532284,0.28336408,0.28434346,0.28440473
v21,0.23206612,,,,
G12,5598010504.86180210,7168271873.05810642,202676635.10661507,3685474254.08236074,6053813561.62534618
V_fiber,0.29354314,,,,
V_matrix,0.68813653,,,,
V_pore,0.01832034,,,,
tcpumax,87.31330668,,,,
